Timestamp,ax,ay,az,gx,gy,gz,Posture
2025-04-10 21:51:47,1760,-9944,-21872,-165,-89,-71,Bonne posture
2025-04-10 21:51:47,1796,-9912,-21776,-146,-76,-92,Bonne posture
2025-04-10 21:51:48,1864,-9984,-21740,-152,-87,-101,Bonne posture
2025-04-10 21:51:48,1692,-9940,-21956,-167,-99,-91,Corset non porté
2025-04-10 21:51:49,1716,-9976,-21748,-156,-75,-91,Bonne posture
2025-04-10 21:51:49,1776,-10052,-21932,-145,-70,-81,Bonne posture
2025-04-10 21:51:50,1756,-9976,-21988,-171,-53,-83,Bonne posture
2025-04-10 21:51:50,1668,-9992,-21944,-147,-73,-92,Bonne posture
2025-04-10 21:51:51,1784,-10028,-21896,-100,-84,-82,Bonne posture
2025-04-10 21:51:51,1876,-10120,-21848,-147,-88,-90,Bonne posture
2025-04-10 21:51:52,1748,-10044,-21728,-169,-72,-107,Bonne posture
2025-04-10 21:51:52,1712,-10052,-21892,-147,-91,-63,Corset non porté
2025-04-10 21:51:53,1688,-10048,-21880,-167,-47,-91,Bonne posture
2025-04-10 21:51:53,1808,-10088,-21840,-149,-77,-90,Bonne posture
2025-04-10 21:51:54,1924,-10056,-21832,-164,-91,-87,Corset non porté
2025-04-10 21:51:54,1808,-9972,-21840,-174,-83,-92,Corset non porté
2025-04-10 21:51:55,1724,-10036,-21896,-153,-74,-97,Bonne posture
2025-04-10 21:51:55,1792,-9980,-21784,-154,-109,-90,Bonne posture
2025-04-10 21:51:56,1808,-9972,-21812,-161,-75,-105,Bonne posture
2025-04-10 21:51:56,1816,-10044,-21920,-172,-90,-128,Corset non porté
2025-04-10 21:51:57,1800,-9924,-21944,-155,-76,-108,Bonne posture
2025-04-10 21:51:57,1776,-10024,-21784,-142,-81,-94,Corset non porté
2025-04-10 21:51:58,1756,-9928,-21864,-172,-75,-77,Corset non porté
2025-04-10 21:51:58,1772,-9928,-21876,-149,-72,-114,Corset non porté
2025-04-10 21:51:59,1784,-10020,-21988,-146,-71,-97,Bonne posture
2025-04-10 21:51:59,1892,-10028,-21760,-175,-60,-90,Corset non porté
2025-04-10 21:52:00,1868,-9988,-21912,-159,-81,-96,Bonne posture
2025-04-10 21:52:01,1800,-10000,-21988,-192,-55,-96,Bonne posture
2025-04-10 21:52:01,1788,-10004,-21924,-187,-65,-99,Corset non porté
2025-04-10 21:52:02,1772,-9840,-21848,-149,-80,-99,Bonne posture
2025-04-10 21:52:02,1856,-9992,-22020,-153,-58,-70,Bonne posture
2025-04-10 21:52:03,1740,-10068,-21944,-167,-62,-84,Bonne posture
2025-04-10 21:52:03,1768,-9968,-21912,-240,-20,-124,Corset non porté
2025-04-10 21:52:04,1760,-10004,-21844,-156,-81,-96,Corset non porté
2025-04-10 21:52:04,1788,-10100,-21888,-136,-77,-77,Bonne posture
2025-04-10 21:52:05,1760,-10072,-21852,-160,-48,-96,Corset non porté
2025-04-10 21:52:05,1684,-9792,-22160,-411,80,-140,Corset non porté
2025-04-10 21:52:06,1764,-9944,-21804,-143,-87,-84,Bonne posture
2025-04-10 21:52:06,1788,-9980,-21844,-170,-77,-106,Corset non porté
2025-04-10 21:52:07,1840,-9992,-21664,-158,-78,-90,Corset non porté
2025-04-10 21:52:07,1708,-10000,-21880,-171,-51,-113,Corset non porté
2025-04-10 21:52:08,1768,-9992,-21788,-162,-69,-91,Bonne posture
2025-04-10 21:52:08,1776,-9976,-21780,-163,-65,-96,Bonne posture
2025-04-10 21:52:09,1848,-9988,-21936,-158,-79,-92,Bonne posture
2025-04-10 21:52:09,1764,-10024,-21904,-171,-68,-81,Bonne posture
2025-04-10 21:52:10,1796,-9992,-21924,-163,-76,-94,Bonne posture
2025-04-10 21:52:10,1740,-9996,-22012,-145,-65,-91,Corset non porté
2025-04-10 21:52:11,1788,-9892,-21880,-155,-67,-93,Bonne posture
2025-04-10 21:52:11,1752,-9940,-21852,-157,-76,-87,Bonne posture
2025-04-10 21:52:12,1624,-9924,-21844,-167,-66,-79,Bonne posture
2025-04-10 21:52:12,1720,-9968,-21756,-153,-57,-100,Bonne posture
2025-04-10 21:52:13,1792,-9932,-21868,-140,-89,-111,Corset non porté
2025-04-10 21:52:13,1756,-9980,-21940,-174,-90,-84,Bonne posture
2025-04-10 21:52:14,1724,-9972,-21700,-152,-72,-108,Bonne posture
2025-04-10 21:52:14,1816,-9908,-21904,-118,-76,-102,Corset non porté
2025-04-10 21:52:15,1872,-9972,-22028,-170,-94,-79,Bonne posture
2025-04-10 21:52:15,1796,-10012,-21760,-167,-81,-92,Bonne posture
2025-04-10 21:52:16,1860,-10032,-21772,-149,-78,-87,Corset non porté
2025-04-10 21:52:16,1816,-10020,-21860,-152,-72,-112,Bonne posture
2025-04-10 21:52:17,1700,-9972,-21944,-175,-67,-110,Corset non porté
2025-04-10 21:52:17,1852,-9972,-21880,-161,-75,-75,Bonne posture
2025-04-10 21:52:18,1800,-9972,-21752,-147,-64,-105,Corset non porté
2025-04-10 21:52:18,1752,-10008,-21904,-155,-65,-101,Corset non porté
2025-04-10 21:52:19,1836,-9916,-21912,-160,-82,-88,Corset non porté
2025-04-10 21:52:19,1888,-9952,-21968,-151,-69,-103,Corset non porté
2025-04-10 21:52:20,1840,-9984,-21800,-156,-58,-92,Corset non porté
2025-04-10 21:52:20,1864,-9908,-22008,-159,-59,-98,Bonne posture
2025-04-10 21:52:21,1788,-9912,-21808,-178,-82,-91,Bonne posture
2025-04-10 21:52:21,1816,-10076,-21924,-175,-69,-89,Bonne posture
2025-04-10 21:52:22,1772,-9920,-21768,-167,-41,-101,Bonne posture
2025-04-10 21:52:22,1832,-9984,-21856,-150,-73,-68,Corset non porté
2025-04-10 21:52:23,1752,-9984,-22020,-169,-77,-82,Bonne posture
2025-04-10 21:52:23,1800,-10064,-21908,-145,-51,-91,Bonne posture
2025-04-10 21:52:24,1764,-10008,-21676,-171,-56,-117,Corset non porté
2025-04-10 21:52:24,1812,-9988,-21936,-166,-74,-83,Bonne posture
2025-04-10 21:52:25,1816,-10020,-21840,-132,-74,-81,Bonne posture
2025-04-10 21:52:25,1772,-9980,-21876,-157,-44,-71,Bonne posture
2025-04-10 21:52:26,1884,-9988,-21736,-173,-66,-86,Corset non porté
2025-04-10 21:52:26,1832,-9996,-21880,-164,-72,-108,Bonne posture
2025-04-10 21:52:27,2212,-10356,-22344,57,241,375,Corset non porté
2025-04-10 21:52:27,4140,-5992,-15696,-423,7603,-1042,Mauvaise posture
2025-04-10 21:52:28,12208,-4252,-19132,-3174,703,-102,Corset non porté
2025-04-10 21:52:28,12244,-220,-18060,-213,298,-31,Corset non porté
2025-04-10 21:52:29,14236,-4968,-20104,4569,2623,-1380,Corset non porté
2025-04-10 21:52:29,14444,-3744,-20828,-17,-69,-439,Mauvaise posture
2025-04-10 21:52:30,15036,-9320,-23092,2687,598,103,Mauvaise posture
2025-04-10 21:52:30,15192,-10116,-21804,-240,339,-37,Corset non porté
2025-04-10 21:52:31,15232,-11968,-22396,3431,1077,2372,Corset non porté
2025-04-10 21:52:31,15868,-13488,-21812,1232,140,-37,Mauvaise posture
2025-04-10 21:52:32,15892,-13584,-21420,-228,790,-238,Corset non porté
2025-04-10 21:52:32,16296,-13564,-21544,-270,283,254,Mauvaise posture
2025-04-10 21:52:33,16960,-13144,-21132,-344,-162,-142,Corset non porté
2025-04-10 21:52:33,16704,-13356,-20996,242,-865,241,Corset non porté
2025-04-10 21:52:34,16660,-13780,-21248,-1671,-809,-1478,Mauvaise posture
2025-04-10 21:52:34,16532,-12844,-20988,458,-457,955,Mauvaise posture
2025-04-10 21:52:35,16940,-12916,-21072,966,806,995,Mauvaise posture
2025-04-10 21:52:35,15288,-13968,-21548,-530,-1245,-986,Corset non porté
2025-04-10 21:52:36,15592,-13436,-21316,-866,-70,-1032,Corset non porté
2025-04-10 21:52:36,15492,-13904,-21700,-322,-199,456,Corset non porté
2025-04-10 21:52:37,15516,-13408,-21692,1414,718,844,Mauvaise posture
2025-04-10 21:52:37,15808,-13560,-22020,-627,885,-661,Corset non porté
2025-04-10 21:52:38,15992,-13056,-21680,-501,31,-405,Corset non porté
2025-04-10 21:52:38,15864,-13456,-21764,-480,614,-717,Mauvaise posture
2025-04-10 21:52:39,16176,-13608,-21704,40,199,-117,Corset non porté
2025-04-10 21:52:39,16424,-14276,-21388,275,-1,207,Mauvaise posture
2025-04-10 21:52:40,16092,-14828,-21032,-34,-79,-130,Mauvaise posture
2025-04-10 21:52:40,16288,-14816,-20800,-19,723,-223,Corset non porté
2025-04-10 21:52:41,16640,-14840,-20868,-611,-307,-204,Corset non porté
2025-04-10 21:52:41,16052,-15412,-21440,-481,189,-73,Corset non porté
2025-04-10 21:52:42,16560,-16084,-20648,482,458,1099,Corset non porté
2025-04-10 21:52:42,16528,-16116,-20552,-324,496,-452,Corset non porté
2025-04-10 21:52:43,16244,-16028,-21184,-1055,777,-1720,Mauvaise posture
2025-04-10 21:52:43,15940,-16280,-21112,-120,670,-1141,Corset non porté
2025-04-10 21:52:44,15656,-16976,-20268,1915,-3338,3535,Mauvaise posture
2025-04-10 21:52:44,12628,-16048,-19992,-5853,2041,-2043,Mauvaise posture
2025-04-10 21:52:45,15188,-14256,-21224,-2405,1983,-2016,Corset non porté
2025-04-10 21:52:45,16108,-14696,-21680,-149,183,3765,Mauvaise posture
2025-04-10 21:52:46,15296,-10988,-21244,-3923,-599,-33,Mauvaise posture
2025-04-10 21:52:46,15520,-10796,-22032,-286,-615,60,Mauvaise posture
2025-04-10 21:52:47,15388,-11004,-21944,322,218,145,Corset non porté
2025-04-10 21:52:47,15452,-11408,-21852,-192,338,-193,Corset non porté
2025-04-10 21:52:48,15304,-11076,-21688,-739,-844,-157,Mauvaise posture
2025-04-10 21:52:48,15736,-11072,-21644,-359,-505,-60,Corset non porté
2025-04-10 21:52:49,15880,-11420,-21992,110,40,30,Mauvaise posture
2025-04-10 21:52:49,15208,-11484,-21948,16,-109,74,Mauvaise posture
2025-04-10 21:52:50,15504,-11296,-21960,-122,-195,12,Corset non porté
2025-04-10 21:52:50,15168,-11288,-22100,-203,139,-262,Corset non porté
2025-04-10 21:52:51,15488,-11644,-21704,-26,136,-244,Mauvaise posture
2025-04-10 21:52:51,15516,-11648,-21804,-712,740,-739,Mauvaise posture
2025-04-10 21:52:52,16140,-10060,-21392,337,87,-75,Mauvaise posture
2025-04-10 21:52:52,16232,-12052,-21656,316,455,-254,Mauvaise posture
2025-04-10 21:52:53,16548,-11784,-21568,118,207,213,Corset non porté
2025-04-10 21:52:53,16448,-11680,-21308,96,131,200,Mauvaise posture
2025-04-10 21:52:54,16316,-11684,-21440,-212,90,-9,Corset non porté
2025-04-10 21:52:54,16556,-11848,-21640,-130,127,-143,Mauvaise posture
2025-04-10 21:52:55,16476,-11852,-21244,-62,-22,-25,Mauvaise posture
2025-04-10 21:52:55,16956,-11836,-21704,232,1572,-528,Corset non porté
2025-04-10 21:52:56,16628,-11840,-21292,146,-242,63,Mauvaise posture
2025-04-10 21:52:56,16628,-12504,-21248,-343,-1345,505,Mauvaise posture
2025-04-10 21:52:57,17120,-12132,-21252,-246,-902,404,Mauvaise posture
2025-04-10 21:52:57,16756,-12076,-21200,-839,-889,-479,Corset non porté
2025-04-10 21:52:58,16340,-12112,-21408,24,-1527,664,Mauvaise posture
2025-04-10 21:52:58,15708,-12440,-21784,238,-1136,908,Corset non porté
2025-04-10 21:52:59,16708,-11716,-21464,-809,-1527,-354,Mauvaise posture
2025-04-10 21:52:59,16204,-11696,-21416,89,168,180,Corset non porté
2025-04-10 21:53:00,16332,-11940,-21800,-47,-344,22,Mauvaise posture
2025-04-10 21:53:00,15868,-11832,-21620,-136,-192,87,Mauvaise posture
2025-04-10 21:53:01,15980,-12144,-21592,101,209,59,Mauvaise posture
2025-04-10 21:53:01,16020,-11988,-21644,117,387,-76,Corset non porté
2025-04-10 21:53:02,16108,-12120,-21600,-457,-265,-339,Mauvaise posture
2025-04-10 21:53:02,16064,-11984,-21636,-95,181,-58,Mauvaise posture
2025-04-10 21:53:03,16684,-12080,-21680,-283,983,-305,Corset non porté
2025-04-10 21:53:03,16216,-12264,-21644,277,125,206,Mauvaise posture
2025-04-10 21:53:04,16312,-12328,-21608,-155,-52,-152,Mauvaise posture
2025-04-10 21:53:04,15692,-12932,-21264,-1953,-1023,-1007,Mauvaise posture
2025-04-10 21:53:05,15628,-12712,-21748,1013,-1064,2122,Corset non porté
2025-04-10 21:53:05,16480,-12096,-21384,-1326,2991,-1557,Corset non porté
2025-04-10 21:53:06,16680,-12704,-21376,-208,254,-384,Corset non porté
2025-04-10 21:53:06,16572,-12360,-21308,-276,-432,73,Mauvaise posture
2025-04-10 21:53:07,16352,-12408,-21192,108,247,-48,Mauvaise posture
2025-04-10 21:53:07,16560,-12760,-21412,-80,12,-75,Mauvaise posture
2025-04-10 21:53:08,16972,-12512,-21116,-505,-268,-310,Mauvaise posture
2025-04-10 21:53:08,16592,-11864,-21296,327,-851,1273,Mauvaise posture
2025-04-10 21:53:09,16572,-12632,-21296,162,150,242,Mauvaise posture
2025-04-10 21:53:09,16292,-12956,-21420,591,37,624,Corset non porté
2025-04-10 21:53:10,16812,-12784,-21040,-410,-1342,-88,Corset non porté
2025-04-10 21:53:10,17108,-13064,-21224,27,275,168,Mauvaise posture
2025-04-10 21:53:11,16748,-12736,-21256,-495,169,-642,Corset non porté
2025-04-10 21:53:11,16416,-12632,-21340,555,-1540,1048,Mauvaise posture
2025-04-10 21:53:12,17900,-12016,-20772,-55,-1160,13,Mauvaise posture
2025-04-10 21:53:12,16960,-12720,-21080,-179,-722,-49,Corset non porté
2025-04-10 21:53:13,17144,-12648,-21104,262,-70,241,Mauvaise posture
2025-04-10 21:53:13,16992,-12680,-20768,-175,-108,-228,Corset non porté
2025-04-10 21:53:14,17424,-12724,-21060,-277,-610,-78,Mauvaise posture
2025-04-10 21:53:14,17400,-12464,-20800,-452,-365,-307,Mauvaise posture
2025-04-10 21:53:15,17220,-12520,-20728,-564,988,-932,Corset non porté
2025-04-10 21:53:15,17352,-12508,-20880,-508,-701,-529,Mauvaise posture
2025-04-10 21:53:16,17164,-12488,-20924,-10,905,-310,Corset non porté
2025-04-10 21:53:16,17468,-12564,-20896,7,566,-5,Corset non porté
2025-04-10 21:53:17,17480,-12676,-20604,-855,170,-919,Mauvaise posture
2025-04-10 21:53:18,17464,-12808,-20704,-235,-975,118,Mauvaise posture
2025-04-10 21:53:18,17364,-12740,-20952,81,-166,61,Mauvaise posture
2025-04-10 21:53:19,18172,-12024,-20648,209,2474,238,Corset non porté
2025-04-10 21:53:19,17800,-12628,-20324,108,-1211,414,Mauvaise posture
2025-04-10 21:53:20,17824,-13248,-20616,220,536,409,Mauvaise posture
2025-04-10 21:53:20,17772,-12500,-20672,-362,-1055,-278,Corset non porté
2025-04-10 21:53:21,17368,-12944,-20988,-339,-691,-308,Mauvaise posture
2025-04-10 21:53:21,16460,-15436,-20144,8076,-1680,3850,Mauvaise posture
2025-04-10 21:53:22,14296,-23668,-15716,517,914,2170,Mauvaise posture
2025-04-10 21:53:22,14216,-25976,-12776,6388,224,2408,Corset non porté
2025-04-10 21:53:23,13440,-26560,-10128,-359,262,-122,Mauvaise posture
2025-04-10 21:53:23,14160,-26480,-10992,-8242,2531,-161,Corset non porté
2025-04-10 21:53:24,14652,-16572,-17292,-22644,-1261,-1638,Mauvaise posture
2025-04-10 21:53:24,12088,-14252,-29400,-2637,6441,-10481,Corset non porté
2025-04-10 21:53:25,13292,3520,-12176,-2736,-702,-960,Corset non porté
2025-04-10 21:53:25,13052,3732,-9948,-3021,3680,-825,Mauvaise posture
2025-04-10 21:53:26,12468,4152,-9432,3489,-1520,-1495,Mauvaise posture
2025-04-10 21:53:26,12496,2572,-14724,1444,-169,-499,Mauvaise posture
2025-04-10 21:53:27,12852,3564,-14968,1420,-1017,-1205,Mauvaise posture
2025-04-10 21:53:27,11960,2800,-13964,66,251,-377,Mauvaise posture
2025-04-10 21:53:28,12012,2816,-14660,-507,-109,125,Corset non porté
2025-04-10 21:53:28,11704,3000,-14276,206,-797,211,Corset non porté
2025-04-10 21:53:29,11204,2720,-13764,-337,-468,-299,Corset non porté
2025-04-10 21:53:29,11372,3024,-14168,-2377,406,-91,Mauvaise posture
2025-04-10 21:53:30,11128,4240,-12284,448,90,-2024,Corset non porté
2025-04-10 21:53:30,10560,3592,-11396,2492,-7235,-2067,Corset non porté
2025-04-10 21:53:31,9860,3652,-12172,-728,-1323,-1150,Mauvaise posture
2025-04-10 21:53:31,11008,4656,-12208,285,-666,-226,Mauvaise posture
2025-04-10 21:53:32,10772,3968,-11640,117,-51,-88,Corset non porté
2025-04-10 21:53:32,12048,4720,-14164,584,558,-1184,Corset non porté
2025-04-10 21:53:33,12832,3892,-11220,-1913,-1464,1110,Mauvaise posture
2025-04-10 21:53:33,13592,6276,-6676,-8127,2951,3050,Corset non porté
2025-04-10 21:53:34,13496,3180,-2024,-1828,-89,382,Corset non porté
2025-04-10 21:53:34,13956,2832,-340,-794,1257,236,Corset non porté
2025-04-10 21:53:35,13512,2324,32,-1103,-824,345,Corset non porté
2025-04-10 21:53:35,13568,2428,440,829,658,45,Mauvaise posture
2025-04-10 21:53:36,14496,3804,-7368,11205,1744,1968,Mauvaise posture
2025-04-10 21:53:36,15940,1596,-14776,5166,-1796,-1256,Corset non porté
2025-04-10 21:53:37,12008,-116,-19216,3862,-1949,1058,Mauvaise posture
2025-04-10 21:53:37,11016,-19256,-19460,8823,-1131,-931,Mauvaise posture
2025-04-10 21:53:38,9628,-26932,-3800,14295,-1757,1359,Corset non porté
2025-04-10 21:53:38,10064,-23036,352,9830,-3567,752,Mauvaise posture
2025-04-10 21:53:39,9084,-25164,1788,496,-587,1116,Corset non porté
2025-04-10 21:53:39,9700,-25528,1972,40,-1806,-1823,Mauvaise posture
2025-04-10 21:53:40,5516,-26536,-21744,-32768,13682,19979,Corset non porté
2025-04-10 21:53:40,-1936,-19608,-16088,-102,681,-110,Corset non porté
2025-04-10 21:53:41,-2088,-18196,-17168,-2457,-589,454,Corset non porté
2025-04-10 21:53:41,-2228,-17376,-17560,-1110,-151,-16,Mauvaise posture
2025-04-10 21:53:42,-2224,-17152,-17876,-171,-52,-73,Corset non porté
2025-04-10 21:53:42,-2212,-17272,-17828,-184,7,-98,Mauvaise posture
2025-04-10 21:53:43,-4956,-16512,-16912,-8093,7007,14646,Corset non porté
2025-04-10 21:53:43,3396,-3972,-21512,-4505,2957,1404,Mauvaise posture
2025-04-10 21:53:44,-880,-12016,-20236,4957,2929,-5297,Corset non porté
2025-04-10 21:53:44,-916,-12528,-20200,-449,-53,-155,Bonne posture
2025-04-10 21:53:45,-840,-12656,-20272,-360,-17,-100,Corset non porté
2025-04-10 21:53:45,-952,-12468,-20332,-570,-257,-240,Bonne posture
2025-04-10 21:53:46,-956,-12440,-20220,-227,-76,-113,Bonne posture
2025-04-10 21:53:46,-920,-12312,-20328,-258,-47,-99,Corset non porté
2025-04-10 21:53:47,-952,-12268,-20236,-223,-53,-84,Bonne posture
2025-04-10 21:53:47,-904,-12132,-20436,-271,-53,-116,Bonne posture
2025-04-10 21:53:48,-976,-12100,-20436,-231,-74,-119,Corset non porté
2025-04-10 21:53:48,-800,-12068,-20352,-207,-61,-90,Corset non porté
2025-04-10 21:53:49,-820,-12172,-20240,-211,-63,-88,Bonne posture
2025-04-10 21:53:49,-1036,-12004,-20184,-203,-84,-105,Corset non porté
2025-04-10 21:53:50,-892,-12044,-20372,-189,-54,-80,Corset non porté
2025-04-10 21:53:50,-844,-12020,-20252,-222,-53,-75,Bonne posture
2025-04-10 21:53:51,-800,-12012,-20236,-194,-116,-102,Bonne posture
2025-04-10 21:53:51,-932,-11924,-20172,-143,-17,-89,Bonne posture
2025-04-10 21:53:52,-824,-12004,-20372,-154,-66,-86,Bonne posture
2025-04-10 21:53:52,-892,-11956,-20304,-161,-85,-97,Bonne posture
2025-04-10 21:53:53,-888,-11892,-20400,-163,-88,-73,Corset non porté
2025-04-10 21:53:53,-844,-11956,-20188,-153,-94,-82,Bonne posture
2025-04-10 21:53:54,-892,-12028,-20224,-168,-75,-95,Bonne posture
2025-04-10 21:53:54,-912,-12088,-20244,-153,-88,-100,Bonne posture
2025-04-10 21:53:55,-892,-12012,-20408,-156,-56,-126,Bonne posture
2025-04-10 21:53:55,-864,-11920,-20332,-157,-52,-111,Corset non porté
2025-04-10 21:53:56,-936,-12020,-20308,-165,-56,-96,Bonne posture
2025-04-10 21:53:56,-884,-11940,-20484,-116,6,-100,Bonne posture
2025-04-10 21:53:57,-816,-12052,-20480,-169,-84,-115,Bonne posture
2025-04-10 21:53:57,-880,-11852,-20312,-163,-100,-100,Bonne posture
2025-04-10 21:53:58,-848,-11964,-20224,-138,-89,-72,Corset non porté
2025-04-10 21:53:58,-708,-12028,-20364,-154,-79,-100,Bonne posture
2025-04-10 21:53:59,-820,-11880,-20472,-156,-54,-102,Bonne posture
2025-04-10 21:53:59,-852,-11976,-20424,-139,-82,-105,Bonne posture
2025-04-10 21:54:00,-872,-12012,-20120,-147,-71,-87,Corset non porté
2025-04-10 21:54:00,-820,-11960,-20300,-171,-68,-79,Bonne posture
2025-04-10 21:54:01,-892,-11988,-20284,-160,-95,-100,Corset non porté
2025-04-10 21:54:01,-800,-12496,-20404,-144,-69,-82,Corset non porté
2025-04-10 21:54:02,-804,-11868,-20372,-150,-46,-102,Bonne posture
2025-04-10 21:54:02,-908,-11720,-20416,-144,-102,-38,Bonne posture
2025-04-10 21:54:03,-856,-12132,-20276,-154,-60,-106,Corset non porté
2025-04-10 21:54:03,-728,-12016,-20312,-157,-83,-98,Bonne posture
2025-04-10 21:54:04,-1072,-12256,-20332,-196,-63,-110,Corset non porté
2025-04-10 21:54:04,-844,-11872,-20372,-164,-79,-112,Corset non porté
2025-04-10 21:54:05,-856,-11964,-20412,-147,-76,-63,Bonne posture
2025-04-10 21:54:05,-868,-12184,-20264,-151,-79,-98,Corset non porté
2025-04-10 21:54:06,-864,-11892,-20132,-193,-71,-129,Bonne posture
2025-04-10 21:54:06,-1048,-11912,-20236,-165,-76,-91,Corset non porté
2025-04-10 21:54:07,-968,-11912,-20188,-160,-64,-89,Corset non porté
2025-04-10 21:54:07,-912,-11920,-20132,-145,-57,-101,Corset non porté
2025-04-10 21:54:08,-1612,-10304,-19824,-6840,3570,-1914,Corset non porté
2025-04-10 21:54:08,6656,-23232,-16332,11983,9992,-12706,Mauvaise posture
2025-04-10 21:54:09,16084,-24356,-13284,20281,10372,-1080,Mauvaise posture
2025-04-10 21:54:09,18056,-24384,-5408,-706,-912,-715,Corset non porté
2025-04-10 21:54:10,18004,-24488,-5148,-160,-528,-199,Mauvaise posture
2025-04-10 21:54:10,17920,-24464,-6120,-1930,-940,-150,Mauvaise posture
2025-04-10 21:54:11,18396,-25280,-4544,656,130,-151,Corset non porté
2025-04-10 21:54:11,17680,-24500,-4512,2110,702,-578,Corset non porté
2025-04-10 21:54:12,18040,-24900,-2628,145,-555,-301,Mauvaise posture
2025-04-10 21:54:12,16600,-25016,-2056,995,84,115,Corset non porté
2025-04-10 21:54:13,14760,-25260,-324,3225,477,1773,Mauvaise posture
2025-04-10 21:54:13,16428,-25312,-4828,-586,2706,3448,Mauvaise posture
2025-04-10 21:54:14,12248,-29524,-11744,1288,-220,-881,Corset non porté
2025-04-10 21:54:14,13204,-26220,-10620,5147,-1401,-2680,Corset non porté
2025-04-10 21:54:15,15276,-26740,-6288,-171,-721,-633,Mauvaise posture
2025-04-10 21:54:15,15484,-26256,-7428,-520,-813,-880,Corset non porté
2025-04-10 21:54:16,15708,-26820,-6916,-1250,-155,-495,Mauvaise posture
2025-04-10 21:54:16,15636,-26300,-8592,675,-377,1,Corset non porté
2025-04-10 21:54:17,16156,-24772,-9268,-469,-529,-238,Corset non porté
2025-04-10 21:54:17,14924,-26932,-6812,-872,-641,-361,Corset non porté
2025-04-10 21:54:18,14588,-27544,-5580,-199,144,-171,Mauvaise posture
2025-04-10 21:54:18,12388,-26636,-12032,-15168,339,5486,Corset non porté
2025-04-10 21:54:19,6652,-17880,-19372,-1559,-7301,-1682,Mauvaise posture
2025-04-10 21:54:19,26496,3664,7576,-4494,-15426,24448,Mauvaise posture
2025-04-10 21:54:20,22932,-12572,-32768,-32768,32767,-29243,Mauvaise posture
2025-04-10 21:54:20,5336,-20560,-32768,32767,-15724,-9237,Mauvaise posture
2025-04-10 21:54:21,23036,-17308,-32768,-26453,13718,-26527,Corset non porté
2025-04-10 21:54:21,25836,-8504,-17788,-32768,20559,-3739,Mauvaise posture
2025-04-10 21:54:22,11944,6032,11680,17515,-18558,32767,Mauvaise posture
2025-04-10 21:54:22,13644,-32768,-20556,32767,-32768,32767,Corset non porté
2025-04-10 21:54:23,15116,-8712,-24616,-32768,18308,6315,Mauvaise posture
2025-04-10 21:54:23,17584,2248,-25932,-32768,27445,-20405,Corset non porté
2025-04-10 21:54:24,19924,-2604,-14760,-4961,-14277,2631,Mauvaise posture
2025-04-10 21:54:24,19776,876,-16972,-32768,-10588,-6781,Mauvaise posture
2025-04-10 21:54:25,19028,5916,-8088,-17462,724,-195,Mauvaise posture
2025-04-10 21:54:25,12420,-6604,3808,3721,-3933,-406,Mauvaise posture
2025-04-10 21:54:26,16220,2416,-3840,227,-497,-193,Corset non porté
2025-04-10 21:54:26,16388,3080,-4512,-467,157,-17,Corset non porté
2025-04-10 21:54:27,13580,972,-1516,-3250,-2104,999,Corset non porté
2025-04-10 21:54:27,17588,7928,-15400,7059,884,-2203,Mauvaise posture
2025-04-10 21:54:28,14596,4172,-5128,2721,2622,-363,Mauvaise posture
2025-04-10 21:54:28,14136,2704,-6576,447,-616,-1082,Mauvaise posture
2025-04-10 21:54:29,15292,2884,-6096,-1476,-683,409,Corset non porté
2025-04-10 21:54:29,16004,4256,-6712,-105,-159,-2939,Corset non porté
2025-04-10 21:54:30,15000,3608,-8024,502,-841,-1352,Corset non porté
2025-04-10 21:54:30,14656,-1924,-12432,30921,-32768,-6370,Corset non porté
2025-04-10 21:54:31,52,-9616,-20920,-204,283,-47,Bonne posture
2025-04-10 21:54:31,72,-9852,-20736,108,-126,-75,Corset non porté
2025-04-10 21:54:32,-48,-9756,-20964,-14,-128,-66,Corset non porté
2025-04-10 21:54:32,-156,-9964,-20732,-689,-332,57,Bonne posture
2025-04-10 21:54:33,4,-10468,-21092,278,0,-275,Corset non porté
2025-04-10 21:54:34,-184,-10400,-20760,-174,-170,-109,Corset non porté
2025-04-10 21:54:34,60,-10412,-20804,-306,-148,-24,Corset non porté
2025-04-10 21:54:35,-320,-10556,-20636,58,-30,-177,Bonne posture
2025-04-10 21:54:35,16,-10236,-20720,3755,2254,-557,Bonne posture
2025-04-10 21:54:36,-56,-10616,-20852,-147,-85,-54,Corset non porté
2025-04-10 21:54:36,20,-10796,-21072,-785,-551,210,Bonne posture
2025-04-10 21:54:37,-24,-10784,-20844,-182,-101,-81,Corset non porté
2025-04-10 21:54:37,444,-10732,-21232,-3,507,380,Corset non porté
2025-04-10 21:54:38,396,-10768,-21076,-72,-58,-125,Bonne posture
2025-04-10 21:54:38,280,-10772,-21196,-517,-234,-8,Corset non porté
2025-04-10 21:54:39,444,-10884,-21256,-301,-110,-14,Bonne posture
2025-04-10 21:54:39,496,-10924,-21124,-684,-256,116,Corset non porté
2025-04-10 21:54:40,256,-10764,-21456,-2112,-556,-748,Corset non porté
2025-04-10 21:54:40,284,-10836,-20984,11,-82,-127,Bonne posture
2025-04-10 21:54:41,316,-10768,-21288,-109,-79,-71,Bonne posture
2025-04-10 21:54:41,288,-10896,-21096,284,-305,-265,Bonne posture
2025-04-10 21:54:42,524,-11060,-21232,-944,344,-3312,Corset non porté
2025-04-10 21:54:42,1164,-11612,-21644,2207,700,-3287,Corset non porté
2025-04-10 21:54:43,668,-11268,-21396,716,1430,-2375,Corset non porté
2025-04-10 21:54:43,656,-11128,-21384,119,661,556,Bonne posture
2025-04-10 21:54:44,768,-11004,-21568,-902,-922,490,Bonne posture
2025-04-10 21:54:44,600,-11048,-21424,237,-219,-232,Bonne posture
2025-04-10 21:54:45,820,-11196,-21328,-474,-105,-730,Bonne posture
2025-04-10 21:54:45,-452,-11308,-19412,-790,65,571,Corset non porté
2025-04-10 21:54:46,0,0,0,0,0,0,Corset non porté
2025-04-10 21:54:46,564,-11288,-21132,2055,243,-1156,Corset non porté
2025-04-10 21:54:47,1400,-12396,-21724,-359,-1007,30,Bonne posture
2025-04-10 21:54:47,1148,-11840,-21492,444,461,-1136,Corset non porté
2025-04-10 21:54:48,1020,-11728,-21348,116,-35,465,Bonne posture
2025-04-10 21:54:48,1180,-12008,-21524,-1342,-355,-287,Bonne posture
2025-04-10 21:54:49,940,-11480,-21448,-426,-821,-863,Bonne posture
2025-04-10 21:54:49,788,-11848,-21536,-3486,-1549,864,Corset non porté
2025-04-10 21:54:50,1260,-12592,-21492,-1756,1451,716,Bonne posture
2025-04-10 21:54:50,1460,-12252,-21900,-78,-1482,695,Corset non porté
2025-04-10 21:54:51,1620,-12312,-21840,2861,-35,116,Corset non porté
2025-04-10 21:54:51,1288,-11628,-21704,109,247,464,Corset non porté
2025-04-10 21:54:52,1468,-11672,-21772,-1253,-412,308,Bonne posture
2025-04-10 21:54:52,1252,-11492,-21620,-220,-83,-45,Corset non porté
2025-04-10 21:54:53,1348,-11456,-21560,-212,-61,-54,Corset non porté
2025-04-10 21:54:53,1304,-11528,-21624,-161,-53,-68,Bonne posture
2025-04-10 21:54:54,1412,-11500,-21804,145,112,-123,Bonne posture
2025-04-10 21:54:54,1260,-11472,-21744,-164,-44,-30,Bonne posture
2025-04-10 21:54:55,1340,-11552,-21760,-174,-101,-68,Bonne posture
2025-04-10 21:54:55,1324,-11512,-21664,-131,-58,-97,Corset non porté
2025-04-10 21:54:56,1348,-11380,-21784,3,9,-53,Bonne posture
2025-04-10 21:54:56,1304,-11452,-21712,-168,-87,-58,Corset non porté
2025-04-10 21:54:57,1412,-11436,-21580,-119,-72,-42,Bonne posture
2025-04-10 21:54:57,1344,-11584,-21756,-210,-142,-45,Corset non porté
2025-04-10 21:54:58,1364,-11468,-21596,-95,-79,-75,Bonne posture
2025-04-10 21:54:58,1372,-11472,-21584,-176,-93,-101,Corset non porté
2025-04-10 21:54:59,1424,-11436,-21696,-197,-106,-124,Corset non porté
2025-04-10 21:54:59,1436,-11708,-21588,315,242,-2,Corset non porté
2025-04-10 21:55:00,1460,-11532,-21628,-128,-39,-105,Corset non porté
2025-04-10 21:55:00,1416,-11604,-21796,-72,6,-107,Corset non porté
2025-04-10 21:55:01,1580,-11536,-21716,-114,16,-95,Bonne posture
2025-04-10 21:55:01,1420,-11588,-21632,-278,-171,-45,Bonne posture
2025-04-10 21:55:02,1544,-11664,-21752,-141,-31,-89,Corset non porté
2025-04-10 21:55:02,1580,-11564,-21912,-147,-81,-69,Bonne posture
2025-04-10 21:55:03,1440,-11600,-21884,-174,-93,-72,Corset non porté
2025-04-10 21:55:03,1460,-11588,-21744,-157,-83,-99,Bonne posture
2025-04-10 21:55:04,1444,-11612,-21812,-149,-68,-95,Bonne posture
2025-04-10 21:55:04,1400,-11588,-21776,-168,-110,-79,Bonne posture
2025-04-10 21:55:05,1464,-11692,-21760,-61,-26,-145,Bonne posture
2025-04-10 21:55:05,1432,-11660,-21604,-210,-133,-42,Bonne posture
2025-04-10 21:55:06,1516,-11560,-21688,-157,-59,-105,Corset non porté
2025-04-10 21:55:06,1376,-11548,-21732,-167,-69,-91,Corset non porté
2025-04-10 21:55:07,1480,-11608,-21868,-186,-71,-94,Corset non porté
2025-04-10 21:55:07,1508,-11612,-21712,-160,-59,-95,Corset non porté
2025-04-10 21:55:08,1460,-11588,-21836,-142,-53,-84,Corset non porté
2025-04-10 21:55:08,1432,-11504,-21748,-168,-107,-55,Bonne posture
2025-04-10 21:55:09,1524,-11528,-21844,-194,-98,-96,Corset non porté
2025-04-10 21:55:09,1560,-11584,-21744,-197,-95,-88,Corset non porté
2025-04-10 21:55:10,1468,-11564,-21716,-166,-66,-96,Corset non porté
2025-04-10 21:55:10,1432,-11544,-21932,-152,-49,-81,Corset non porté
2025-04-10 21:55:11,1436,-11508,-21704,-167,-127,-91,Corset non porté
2025-04-10 21:55:11,1576,-11564,-21644,-164,-70,-66,Bonne posture
2025-04-10 21:55:12,1560,-11536,-21760,-162,-80,-110,Bonne posture
2025-04-10 21:55:12,1476,-11632,-21772,-182,-93,-88,Bonne posture
2025-04-10 21:55:13,1560,-11544,-21664,-159,-51,-87,Bonne posture
2025-04-10 21:55:13,1528,-11576,-21716,-166,-77,-67,Corset non porté
2025-04-10 21:55:14,1508,-11672,-21728,-176,-84,-98,Corset non porté
2025-04-10 21:55:14,1548,-11580,-21640,-169,-100,-90,Corset non porté
2025-04-10 21:55:15,1088,-12028,-22080,29,-154,67,Bonne posture
2025-04-10 21:55:15,1504,-11284,-21644,23,126,-75,Bonne posture
2025-04-10 21:55:16,1512,-11272,-21712,-78,-326,44,Bonne posture
2025-04-10 21:55:16,1684,-11592,-21828,-224,72,-32,Bonne posture
2025-04-10 21:55:17,1132,-11536,-21596,-237,-182,-1129,Bonne posture
2025-04-10 21:55:17,1584,-11544,-21716,224,274,199,Bonne posture
2025-04-10 21:55:18,4440,2564,-23272,-26914,17543,12229,Corset non porté
2025-04-10 21:55:18,9912,4424,-5844,-22545,14804,4553,Mauvaise posture
2025-04-10 21:55:19,14056,2072,-896,314,-6164,-2091,Corset non porté
2025-04-10 21:55:19,14704,1712,-236,2013,-2800,580,Mauvaise posture
2025-04-10 21:55:20,14228,1072,2296,-4852,985,-92,Mauvaise posture
2025-04-10 21:55:20,14028,4508,1688,-5772,22720,1801,Corset non porté
2025-04-10 21:55:21,11892,2572,916,-2509,-119,-175,Mauvaise posture
2025-04-10 21:55:21,11600,2128,3212,-1105,210,488,Mauvaise posture
2025-04-10 21:55:22,11480,1252,3192,157,646,95,Corset non porté
2025-04-10 21:55:22,11688,1608,3304,-229,-435,831,Mauvaise posture
2025-04-10 21:55:23,12028,1760,2992,-140,97,-526,Corset non porté
2025-04-10 21:55:23,11004,628,3072,361,1037,-3453,Mauvaise posture
2025-04-10 21:55:24,11528,1312,2536,-474,1021,-1517,Corset non porté
2025-04-10 21:55:24,12356,2324,2188,-751,1349,961,Corset non porté
2025-04-10 21:55:25,12556,1876,2300,-888,-323,237,Corset non porté
2025-04-10 21:55:25,11492,1392,696,3279,1068,-347,Corset non porté
2025-04-10 21:55:26,12344,3804,-10568,5169,1403,-544,Mauvaise posture
2025-04-10 21:55:26,11924,932,-15204,8520,-1577,1160,Corset non porté
2025-04-10 21:55:27,12784,-232,-17792,-1961,187,-573,Mauvaise posture
2025-04-10 21:55:27,12508,1296,-15928,-3068,-1171,493,Corset non porté
2025-04-10 21:55:28,12640,1424,-16264,-188,-200,-189,Corset non porté
2025-04-10 21:55:28,12740,1172,-16296,78,112,50,Mauvaise posture
2025-04-10 21:55:29,12740,1144,-16144,106,-24,-7,Corset non porté
2025-04-10 21:55:29,12980,1080,-16396,-284,-61,-110,Mauvaise posture
2025-04-10 21:55:30,13012,716,-16812,2594,-542,311,Corset non porté
2025-04-10 21:55:30,15464,-9852,-22132,6270,-1722,-664,Corset non porté
2025-04-10 21:55:31,14008,-13176,-22464,2476,-813,178,Corset non porté
2025-04-10 21:55:31,14076,-13608,-22268,-3449,-82,-758,Corset non porté
2025-04-10 21:55:32,13032,-328,-18068,-10442,-542,-1398,Corset non porté
2025-04-10 21:55:32,13352,3832,-6712,-10918,5016,1125,Mauvaise posture
2025-04-10 21:55:33,13864,2104,876,-1633,1837,356,Corset non porté
2025-04-10 21:55:33,14096,1804,1756,198,-762,114,Mauvaise posture
2025-04-10 21:55:34,13944,1736,1972,-65,-292,115,Corset non porté
2025-04-10 21:55:34,14104,1484,1952,-439,201,36,Corset non porté
2025-04-10 21:55:35,13880,1240,2188,-243,-52,79,Corset non porté
2025-04-10 21:55:35,14488,2164,-2104,11627,-5533,-687,Mauvaise posture
2025-04-10 21:55:36,11648,2724,-14216,486,207,1102,Corset non porté
2025-04-10 21:55:36,11332,3168,-13236,48,8,-356,Mauvaise posture
2025-04-10 21:55:37,11156,3496,-13008,-163,-60,-78,Corset non porté
2025-04-10 21:55:37,10504,2696,-13476,-3551,739,-3503,Mauvaise posture
2025-04-10 21:55:38,-2508,-8356,-15212,9506,-4319,-6841,Corset non porté
2025-04-10 21:55:38,672,-7960,-20752,-28,-309,-98,Bonne posture
2025-04-10 21:55:39,572,-8292,-20960,586,-126,-174,Bonne posture
